"Legacy source ID","Current source URL","Current product name","Current category","Current displayed price (SOURCE VALUE, RUB)","Current price unit (SOURCE VALUE)","Dimensions (SOURCE VALUE)","Current availability text (SOURCE VALUE)","Existing slug","SKU","Launch status","OWNER CONFIRMED PRICE","OWNER CONFIRMED PRICE UNIT","OWNER CONFIRMED SALE UNIT","OWNER CONFIRMED MIN QUANTITY","OWNER CONFIRMED QUANTITY STEP","OWNER CONFIRMED DIMENSIONS","OWNER CONFIRMED AVAILABILITY","OWNER CONFIRMED CATEGORY","Owner notes"
"554289383361","https://marmixflex.ru/tproduct/1706353951-554289383361-azur","Азур","Гибкий мрамор","2 000","за кв.м","","","azur","NEEDS OWNER CONFIRMATION","UNDECIDED","","","","","","","","",""
"129758883201","https://marmixflex.ru/tproduct/1706353951-129758883201-anasteisha","Анастейша","Гибкий мрамор","2 000","за кв.м","","","anasteisha","NEEDS OWNER CONFIRMATION","UNDECIDED","","","","","","","","",""
"892062776331","https://marmixflex.ru/tproduct/1706353951-892062776331-verde-antiko","Верде Антико","Гибкий мрамор","2 000","за кв.м","","","verde-antiko","NEEDS OWNER CONFIRMATION","UNDECIDED","","","","","","","","",""
"255394538851","https://marmixflex.ru/tproduct/1706353951-255394538851-verde","Верде","Гибкий мрамор","2 000","за кв.м","","","verde","NEEDS OWNER CONFIRMATION","UNDECIDED","","","","","","","","",""
"112874705051","https://marmixflex.ru/tproduct/1706353951-112874705051-verdelit","Верделит","Гибкий мрамор","2 000","за кв.м","","","verdelit","NEEDS OWNER CONFIRMATION","UNDECIDED","","","","","","","","",""
"581415357271","https://marmixflex.ru/tproduct/1706353951-581415357271-vetka-sakuri","Ветка сакуры","Гибкий мрамор","2 000","за кв.м","","","vetka-sakuri","NEEDS OWNER CONFIRMATION","UNDECIDED","","","","","","","","",""
"235679185721","https://marmixflex.ru/tproduct/1706353951-235679185721-sakura","Сакура","Гибкий мрамор","2 000","за кв.м","","","sakura","NEEDS OWNER CONFIRMATION","UNDECIDED","","","","","","","","",""
"364527501651","https://marmixflex.ru/tproduct/1706353951-364527501651-vait-gold","Вайт Голд","Гибкий мрамор","2 000","за кв.м","","","vait-gold","NEEDS OWNER CONFIRMATION","UNDECIDED","","","","","","","","",""
"729609253371","https://marmixflex.ru/tproduct/1706353951-729609253371-vait-dzheid","Вайт Джейд","Гибкий мрамор","2 000","за кв.м","","","vait-dzheid","NEEDS OWNER CONFIRMATION","UNDECIDED","","","","","","","","",""
"653334556751","https://marmixflex.ru/tproduct/1706353951-653334556751-valetta","Валетта","Гибкий мрамор","2 000","за кв.м","","","valetta","NEEDS OWNER CONFIRMATION","UNDECIDED","","","","","","","","",""
"639266239551","https://marmixflex.ru/tproduct/1706353951-639266239551-golden-braun","Голден Браун","Гибкий мрамор","2 000","за кв.м","","","golden-braun","NEEDS OWNER CONFIRMATION","UNDECIDED","","","","","","","","",""
"793312804621","https://marmixflex.ru/tproduct/1706353951-793312804621-gridzhio-karnigo","Гриджио Карниго","Гибкий мрамор + Хит продаж","2 000","за кв.м","","","gridzhio-karnigo","NEEDS OWNER CONFIRMATION","UNDECIDED","","","","","","","","",""
"977407164861","https://marmixflex.ru/tproduct/1706353951-977407164861-byanka","Бьянка","Гибкий мрамор","2 000","за кв.м","","","byanka","NEEDS OWNER CONFIRMATION","UNDECIDED","","","","","","","","",""
"103514265621","https://marmixflex.ru/tproduct/1706353951-103514265621-byanka-lasa","Бьянка Ласа","Гибкий мрамор","2 000","за кв.м","","","byanka-lasa","NEEDS OWNER CONFIRMATION","UNDECIDED","","","","","","","","",""
"362901603711","https://marmixflex.ru/tproduct/1706353951-362901603711-dali","Дали","Гибкий мрамор","2 000","за кв.м","","","dali","NEEDS OWNER CONFIRMATION","UNDECIDED","","","","","","","","",""
"374798359371","https://marmixflex.ru/tproduct/1706353951-374798359371-diamand","Диаманд","Гибкий мрамор","2 000","за кв.м","","","diamand","NEEDS OWNER CONFIRMATION","UNDECIDED","","","","","","","","",""
"204501324141","https://marmixflex.ru/tproduct/1706353951-204501324141-dorato","Дорато","Гибкий мрамор","2 000","за кв.м","","","dorato","NEEDS OWNER CONFIRMATION","UNDECIDED","","","","","","","","",""
"711745850101","https://marmixflex.ru/tproduct/1706353951-711745850101-imperator-lait","Император Лайт","Гибкий мрамор","2 000","за кв.м","","","imperator-lait","NEEDS OWNER CONFIRMATION","UNDECIDED","","","","","","","","",""
"475790381151","https://marmixflex.ru/tproduct/1706353951-475790381151-italika","Италика","Гибкий мрамор","2 000","за кв.м","","","italika","NEEDS OWNER CONFIRMATION","UNDECIDED","","","","","","","","",""
"489110024061","https://marmixflex.ru/tproduct/1706353951-489110024061-kalakata","Калаката","Гибкий мрамор","2 000","за кв.м","толщина листа 1.7–2 мм; площадь покрытия 4.033 м² (S2; не подтверждено владельцем)","","kalakata","NEEDS OWNER CONFIRMATION","UNDECIDED","","","","","","","","",""
"803168390661","https://marmixflex.ru/tproduct/1706353951-803168390661-kolizei","Колизей","Гибкий мрамор","2 000","за кв.м","","","kolizei","NEEDS OWNER CONFIRMATION","UNDECIDED","","","","","","","","",""
"170519238391","https://marmixflex.ru/tproduct/1706353951-170519238391-krestola","Крестола","Гибкий мрамор","2 000","за кв.м","","","krestola","NEEDS OWNER CONFIRMATION","UNDECIDED","","","","","","","","",""
"379174374731","https://marmixflex.ru/tproduct/1706353951-379174374731-kristal","Кристал","Гибкий мрамор","2 000","за кв.м","","","kristal","NEEDS OWNER CONFIRMATION","UNDECIDED","","","","","","","","",""
"218776586501","https://marmixflex.ru/tproduct/1706353951-218776586501-laguna","Лагуна","Гибкий мрамор","2 000","за кв.м","","","laguna","NEEDS OWNER CONFIRMATION","UNDECIDED","","","","","","","","",""
"122456798331","https://marmixflex.ru/tproduct/1706353951-122456798331-madeira","Мадейра","Гибкий мрамор","2 000","за кв.м","","","madeira","NEEDS OWNER CONFIRMATION","UNDECIDED","","","","","","","","",""
"353636757971","https://marmixflex.ru/tproduct/1706353951-353636757971-mansoni","Мансони","Гибкий мрамор","2 000","за кв.м","","","mansoni","NEEDS OWNER CONFIRMATION","UNDECIDED","","","","","","","","",""
"692931560921","https://marmixflex.ru/tproduct/1706353951-692931560921-sant-ann","Сант-Анн","Гибкий мрамор","2 000","за кв.м","","","sant-ann","NEEDS OWNER CONFIRMATION","UNDECIDED","","","","","","","","",""
"889630124171","https://marmixflex.ru/tproduct/1706353951-889630124171-santorini","Санторини","Гибкий мрамор","2 000","за кв.м","","","santorini","NEEDS OWNER CONFIRMATION","UNDECIDED","","","","","","","","",""
"558415063981","https://marmixflex.ru/tproduct/1706353951-558415063981-selena","Селена","Гибкий мрамор","2 000","за кв.м","","","selena","NEEDS OWNER CONFIRMATION","UNDECIDED","","","","","","","","",""
"122275408051","https://marmixflex.ru/tproduct/1706353951-122275408051-selva","Сельва","Гибкий мрамор","2 000","за кв.м","","","selva","NEEDS OWNER CONFIRMATION","UNDECIDED","","","","","","","","",""
"513448313281","https://marmixflex.ru/tproduct/1706353951-513448313281-serii-oniks","Серый оникс","Гибкий мрамор","2 000","за кв.м","","","serii-oniks","NEEDS OWNER CONFIRMATION","UNDECIDED","","","","","","","","",""
"614722166851","https://marmixflex.ru/tproduct/1706353951-614722166851-silver-grei","Сильвер Грей","Гибкий мрамор","2 000","за кв.м","","","silver-grei","NEEDS OWNER CONFIRMATION","UNDECIDED","","","","","","","","",""
"822748465101","https://marmixflex.ru/tproduct/1706353951-822748465101-anten","Антэн","Гибкий мрамор + Хит продаж","2 000","за кв.м","","","anten","NEEDS OWNER CONFIRMATION","UNDECIDED","","","","","","","","",""
"204925458781","https://marmixflex.ru/tproduct/1706353951-204925458781-almaz","Алмаз","Гибкий мрамор","2 000","за кв.м","","","almaz","NEEDS OWNER CONFIRMATION","UNDECIDED","","","","","","","","",""
"695287222501","https://marmixflex.ru/tproduct/1706353951-695287222501-sirius-grin","Сириус Грин","Гибкий мрамор","2 000","за кв.м","","","sirius-grin","NEEDS OWNER CONFIRMATION","UNDECIDED","","","","","","","","",""
"281148826111","https://marmixflex.ru/tproduct/1706353951-281148826111-sirius","Сириус","Гибкий мрамор","2 000","за кв.м","","","sirius","NEEDS OWNER CONFIRMATION","UNDECIDED","","","","","","","","",""
"658053428881","https://marmixflex.ru/tproduct/1706353951-658053428881-skai","Скай","Гибкий мрамор","2 000","за кв.м","","","skai","NEEDS OWNER CONFIRMATION","UNDECIDED","","","","","","","","",""
"918233673611","https://marmixflex.ru/tproduct/1706353951-918233673611-sherl","Шерл","Гибкий мрамор","2 000","за кв.м","","","sherl","NEEDS OWNER CONFIRMATION","UNDECIDED","","","","","","","","",""
"663543412341","https://marmixflex.ru/tproduct/1706353951-663543412341-tai","Тай","Гибкий мрамор","2 000","за кв.м","","","tai","NEEDS OWNER CONFIRMATION","UNDECIDED","","","","","","","","",""
"255959440111","https://marmixflex.ru/tproduct/1706353951-255959440111-terra-braun","Терра Браун","Гибкий мрамор","2 000","за кв.м","","","terra-braun","NEEDS OWNER CONFIRMATION","UNDECIDED","","","","","","","","",""
"470072573311","https://marmixflex.ru/tproduct/1706353951-470072573311-tirol","Тироль","Гибкий мрамор","2 000","за кв.м","","","tirol","NEEDS OWNER CONFIRMATION","UNDECIDED","","","","","","","","",""
"238548861441","https://marmixflex.ru/tproduct/1706353951-238548861441-tifani","Тифани","Гибкий мрамор","2 000","за кв.м","","","tifani","NEEDS OWNER CONFIRMATION","UNDECIDED","","","","","","","","",""
"505537755351","https://marmixflex.ru/tproduct/1706353951-505537755351-fianit","Фианит","Гибкий мрамор","2 000","за кв.м","","","fianit","NEEDS OWNER CONFIRMATION","UNDECIDED","","","","","","","","",""
"201741489601","https://marmixflex.ru/tproduct/1706353951-201741489601-haltsedon","Халцедон","Гибкий мрамор","2 000","за кв.м","","","haltsedon","NEEDS OWNER CONFIRMATION","UNDECIDED","","","","","","","","",""
"887383577922","https://marmixflex.ru/tproduct/1706353951-887383577922-adzurra","Адзурра","Гибкий мрамор","2 000","за кв.м","","","adzurra","NEEDS OWNER CONFIRMATION","UNDECIDED","","","","","","","","",""
"511642085842","https://marmixflex.ru/tproduct/1706353951-511642085842-alikante","Аликанте","Гибкий мрамор","2 000","за кв.м","","","alikante","NEEDS OWNER CONFIRMATION","UNDECIDED","","","","","","","","",""
"845883427992","https://marmixflex.ru/tproduct/1706353951-845883427992-albion","Альбион","Гибкий мрамор","2 000","за кв.м","","","albion","NEEDS OWNER CONFIRMATION","UNDECIDED","","","","","","","","",""
"310052418912","https://marmixflex.ru/tproduct/1706353951-310052418912-aldo","Альдо","Гибкий мрамор","2 000","за кв.м","","","aldo","NEEDS OWNER CONFIRMATION","UNDECIDED","","","","","","","","",""
"500868654342","https://marmixflex.ru/tproduct/1706353951-500868654342-ametrin","Аметрин","Гибкий мрамор","2 000","за кв.м","","","ametrin","NEEDS OWNER CONFIRMATION","UNDECIDED","","","","","","","","",""
"339596278102","https://marmixflex.ru/tproduct/1706353951-339596278102-arabeska","Арабеска","Гибкий мрамор","2 000","за кв.м","","","arabeska","NEEDS OWNER CONFIRMATION","UNDECIDED","","","","","","","","",""
"386812190212","https://marmixflex.ru/tproduct/1706353951-386812190212-arabeskato","Арабескато","Гибкий мрамор","2 000","за кв.м","","","arabeskato","NEEDS OWNER CONFIRMATION","UNDECIDED","","","","","","","","",""
"533035573522","https://marmixflex.ru/tproduct/1706353951-533035573522-auro-puro","Ауро Пуро","Гибкий мрамор","2 000","за кв.м","","","auro-puro","NEEDS OWNER CONFIRMATION","UNDECIDED","","","","","","","","",""
"277764708262","https://marmixflex.ru/tproduct/1706353951-277764708262-barokko","Барокко","Гибкий мрамор","2 000","за кв.м","","","barokko","NEEDS OWNER CONFIRMATION","UNDECIDED","","","","","","","","",""
"563909225352","https://marmixflex.ru/tproduct/1706353951-563909225352-bellariya","Беллария","Гибкий мрамор","2 000","за кв.м","","","bellariya","NEEDS OWNER CONFIRMATION","UNDECIDED","","","","","","","","",""
"211616502292","https://marmixflex.ru/tproduct/1706353951-211616502292-beton","Бетон","Гибкий мрамор","2 000","за кв.м","","","beton","NEEDS OWNER CONFIRMATION","UNDECIDED","","","","","","","","",""
"677403998182","https://marmixflex.ru/tproduct/1706353951-677403998182-beton-loft","Бетон Лофт","Гибкий мрамор","2 000","за кв.м","","","beton-loft","NEEDS OWNER CONFIRMATION","UNDECIDED","","","","","","","","",""
"233641601642","https://marmixflex.ru/tproduct/1706353951-233641601642-briz","Бриз","Гибкий мрамор","2 000","за кв.м","","","briz","NEEDS OWNER CONFIRMATION","UNDECIDED","","","","","","","","",""
"326609218562","https://marmixflex.ru/tproduct/1706353951-326609218562-burya","Буря","Гибкий мрамор","2 000","за кв.м","","","burya","NEEDS OWNER CONFIRMATION","UNDECIDED","","","","","","","","",""
"286454206442","https://marmixflex.ru/tproduct/1706353951-286454206442-vait-dzheit-ais","Вайт джейт айс","Гибкий мрамор","2 000","за кв.м","","","vait-dzheit-ais","NEEDS OWNER CONFIRMATION","UNDECIDED","","","","","","","","",""
"114972893822","https://marmixflex.ru/tproduct/1706353951-114972893822-valerian","Валериан","Гибкий мрамор","2 000","за кв.м","","","valerian","NEEDS OWNER CONFIRMATION","UNDECIDED","","","","","","","","",""
"282429101202","https://marmixflex.ru/tproduct/1706353951-282429101202-valerian-lait","Валериан лайт","Гибкий мрамор","2 000","за кв.м","","","valerian-lait","NEEDS OWNER CONFIRMATION","UNDECIDED","","","","","","","","",""
"742299216722","https://marmixflex.ru/tproduct/1706353951-742299216722-verona-1","Верона 1","Гибкий мрамор","2 000","за кв.м","","","verona-1","NEEDS OWNER CONFIRMATION","UNDECIDED","","","","","","","","",""
"244835575012","https://marmixflex.ru/tproduct/1706353951-244835575012-verona-2","Верона 2","Гибкий мрамор","2 000","за кв.м","","","verona-2","NEEDS OWNER CONFIRMATION","UNDECIDED","","","","","","","","",""
"176001262662","https://marmixflex.ru/tproduct/1706353951-176001262662-verona-3","Верона 3","Гибкий мрамор","2 000","за кв.м","","","verona-3","NEEDS OWNER CONFIRMATION","UNDECIDED","","","","","","","","",""
"107147604662","https://marmixflex.ru/tproduct/1706353951-107147604662-verona-4","Верона 4","Гибкий мрамор","2 000","за кв.м","","","verona-4","NEEDS OWNER CONFIRMATION","UNDECIDED","","","","","","","","",""
"561771307032","https://marmixflex.ru/tproduct/1706353951-561771307032-verona-5","Верона 5","Гибкий мрамор","2 000","за кв.м","","","verona-5","NEEDS OWNER CONFIRMATION","UNDECIDED","","","","","","","","",""
"680534308732","https://marmixflex.ru/tproduct/1706353951-680534308732-verona-6","Верона 6","Гибкий мрамор","2 000","за кв.м","","","verona-6","NEEDS OWNER CONFIRMATION","UNDECIDED","","","","","","","","",""
"673386278592","https://marmixflex.ru/tproduct/1706353951-673386278592-verona-7","Верона 7","Гибкий мрамор","2 000","за кв.м","","","verona-7","NEEDS OWNER CONFIRMATION","UNDECIDED","","","","","","","","",""
"680803464862","https://marmixflex.ru/tproduct/1706353951-680803464862-versache","Версаче","Гибкий мрамор","2 000","за кв.м","","","versache","NEEDS OWNER CONFIRMATION","UNDECIDED","","","","","","","","",""
"988712053332","https://marmixflex.ru/tproduct/1706353951-988712053332-vulkano","Вулкано","Гибкий мрамор","2 000","за кв.м","","","vulkano","NEEDS OWNER CONFIRMATION","UNDECIDED","","","","","","","","",""
"201954228422","https://marmixflex.ru/tproduct/1706353951-201954228422-gloria","Глориа","Гибкий мрамор","2 000","за кв.м","","","gloria","NEEDS OWNER CONFIRMATION","UNDECIDED","","","","","","","","",""
"195894516582","https://marmixflex.ru/tproduct/1706353951-195894516582-grande","Гранде","Гибкий мрамор","2 000","за кв.м","","","grande","NEEDS OWNER CONFIRMATION","UNDECIDED","","","","","","","","",""
"469303594932","https://marmixflex.ru/tproduct/1706353951-469303594932-gratsiya-milano","Грация милано","Гибкий мрамор","2 000","за кв.м","","","gratsiya-milano","NEEDS OWNER CONFIRMATION","UNDECIDED","","","","","","","","",""
"684580316482","https://marmixflex.ru/tproduct/1706353951-684580316482-dzhialo-etruska","Джиало этруска","Гибкий мрамор","2 000","за кв.м","","","dzhialo-etruska","NEEDS OWNER CONFIRMATION","UNDECIDED","","","","","","","","",""
"129813864802","https://marmixflex.ru/tproduct/1706353951-129813864802-dzhiardino","Джиардино","Гибкий мрамор","2 000","за кв.м","","","dzhiardino","NEEDS OWNER CONFIRMATION","UNDECIDED","","","","","","","","",""
"468944704932","https://marmixflex.ru/tproduct/1706353951-468944704932-diamand-gold","Диаманд голд","Гибкий мрамор","2 000","за кв.м","","","diamand-gold","NEEDS OWNER CONFIRMATION","UNDECIDED","","","","","","","","",""
"793915341812","https://marmixflex.ru/tproduct/1706353951-793915341812-diamand-sinii","Диаманд синий","Гибкий мрамор","2 000","за кв.м","","","diamand-sinii","NEEDS OWNER CONFIRMATION","UNDECIDED","","","","","","","","",""
"201935855032","https://marmixflex.ru/tproduct/1706353951-201935855032-infinito","Инфинито","Гибкий мрамор","2 000","за кв.м","","","infinito","NEEDS OWNER CONFIRMATION","UNDECIDED","","","","","","","","",""
"555637066001","https://marmixflex.ru/tproduct/1706353951-555637066001-dimchatii-kvarts","Дымчатый кварц","Гибкий мрамор","2 000","за кв.м","","","dimchatii-kvarts","NEEDS OWNER CONFIRMATION","UNDECIDED","","","","","","","","",""
"222208968332","https://marmixflex.ru/tproduct/1706353951-222208968332-kalakata","Калаката","Гибкий мрамор","2 000","за кв.м","толщина листа 1.7–2 мм; площадь покрытия 4.033 м² (S2; не подтверждено владельцем)","","kalakata","NEEDS OWNER CONFIRMATION","UNDECIDED","","","","","","","","",""
"611616646342","https://marmixflex.ru/tproduct/1706353951-611616646342-kalakata-lait","Калаката лайт","Гибкий мрамор","2 000","за кв.м","","","kalakata-lait","NEEDS OWNER CONFIRMATION","UNDECIDED","","","","","","","","",""
"328903338602","https://marmixflex.ru/tproduct/1706353951-328903338602-kalakata-royal","Калаката роял","Гибкий мрамор","2 000","за кв.м","","","kalakata-royal","NEEDS OWNER CONFIRMATION","UNDECIDED","","","","","","","","",""
"555241104572","https://marmixflex.ru/tproduct/1706353951-555241104572-kapriz","Каприз","Гибкий мрамор","2 000","за кв.м","","","kapriz","NEEDS OWNER CONFIRMATION","UNDECIDED","","","","","","","","",""
"738425097132","https://marmixflex.ru/tproduct/1706353951-738425097132-labisso","Лабиссо","Гибкий мрамор","2 000","за кв.м","","","labisso","NEEDS OWNER CONFIRMATION","UNDECIDED","","","","","","","","",""
"830374166382","https://marmixflex.ru/tproduct/1706353951-830374166382-laguna-adzurro","Лагуна Адзурро","Гибкий мрамор","2 000","за кв.м","","","laguna-adzurro","NEEDS OWNER CONFIRMATION","UNDECIDED","","","","","","","","",""
"925487040602","https://marmixflex.ru/tproduct/1706353951-925487040602-lazur","Лазурь","Гибкий мрамор","2 000","за кв.м","","","lazur","NEEDS OWNER CONFIRMATION","UNDECIDED","","","","","","","","",""
"521896534352","https://marmixflex.ru/tproduct/1706353951-521896534352-lauren","Лаурен","Гибкий мрамор","2 000","за кв.м","","","lauren","NEEDS OWNER CONFIRMATION","UNDECIDED","","","","","","","","",""
"726793103132","https://marmixflex.ru/tproduct/1706353951-726793103132-magma","Магма","Гибкий мрамор","2 000","за кв.м","","","magma","NEEDS OWNER CONFIRMATION","UNDECIDED","","","","","","","","",""
"664135801072","https://marmixflex.ru/tproduct/1706353951-664135801072-milano","Милано","Гибкий мрамор","2 000","за кв.м","","","milano","NEEDS OWNER CONFIRMATION","UNDECIDED","","","","","","","","",""
"130004523192","https://marmixflex.ru/tproduct/1706353951-130004523192-mistiko","Мистико","Гибкий мрамор","2 000","за кв.м","","","mistiko","NEEDS OWNER CONFIRMATION","UNDECIDED","","","","","","","","",""
"379322644602","https://marmixflex.ru/tproduct/1706353951-379322644602-neapoli","Неаполи","Гибкий мрамор","2 000","за кв.м","","","neapoli","NEEDS OWNER CONFIRMATION","UNDECIDED","","","","","","","","",""
"183493255242","https://marmixflex.ru/tproduct/1706353951-183493255242-nebbia","Неббиа","Гибкий мрамор","2 000","за кв.м","","","nebbia","NEEDS OWNER CONFIRMATION","UNDECIDED","","","","","","","","",""
"939910716622","https://marmixflex.ru/tproduct/1706353951-939910716622-nezhnost","Нежность","Гибкий мрамор","2 000","за кв.м","","","nezhnost","NEEDS OWNER CONFIRMATION","UNDECIDED","","","","","","","","",""
"743743410332","https://marmixflex.ru/tproduct/1706353951-743743410332-nubiya","Нубия","Гибкий мрамор","2 000","за кв.м","","","nubiya","NEEDS OWNER CONFIRMATION","UNDECIDED","","","","","","","","",""
"769007238572","https://marmixflex.ru/tproduct/1706353951-769007238572-omega","Омега","Гибкий мрамор","2 000","за кв.м","","","omega","NEEDS OWNER CONFIRMATION","UNDECIDED","","","","","","","","",""
"899115612852","https://marmixflex.ru/tproduct/1706353951-899115612852-omega-mon","Омега мон","Гибкий мрамор","2 000","за кв.м","","","omega-mon","NEEDS OWNER CONFIRMATION","UNDECIDED","","","","","","","","",""
"337687066422","https://marmixflex.ru/tproduct/1706353951-337687066422-oniks-belii","Оникс белый","Гибкий мрамор","2 000","за кв.м","","","oniks-belii","NEEDS OWNER CONFIRMATION","UNDECIDED","","","","","","","","",""
"594268424722","https://marmixflex.ru/tproduct/1706353951-594268424722-orandzh-silver","Орандж Сильвер","Гибкий мрамор","2 000","за кв.м","","","orandzh-silver","NEEDS OWNER CONFIRMATION","UNDECIDED","","","","","","","","",""
"411828995762","https://marmixflex.ru/tproduct/1706353951-411828995762-oreh-shpon","Орех шпон","Гибкий мрамор","2 000","за кв.м","","","oreh-shpon","NEEDS OWNER CONFIRMATION","UNDECIDED","","","","","","","","",""
"923036221952","https://marmixflex.ru/tproduct/1706353951-923036221952-oreh-shpon-svetlii","Орех шпон светлый","Гибкий мрамор","2 000","за кв.м","","","oreh-shpon-svetlii","NEEDS OWNER CONFIRMATION","UNDECIDED","","","","","","","","",""
"309629025202","https://marmixflex.ru/tproduct/1706353951-309629025202-parma","Парма","Гибкий мрамор","2 000","за кв.м","","","parma","NEEDS OWNER CONFIRMATION","UNDECIDED","","","","","","","","",""
"599885697112","https://marmixflex.ru/tproduct/1706353951-599885697112-pegas","Пегас","Гибкий мрамор","2 000","за кв.м","","","pegas","NEEDS OWNER CONFIRMATION","UNDECIDED","","","","","","","","",""
"337033124752","https://marmixflex.ru/tproduct/1706353951-337033124752-persidskii-oniks","Персидский оникс","Гибкий мрамор","2 000","за кв.м","","","persidskii-oniks","NEEDS OWNER CONFIRMATION","UNDECIDED","","","","","","","","",""
"764734884672","https://marmixflex.ru/tproduct/1706353951-764734884672-porto-gold","Порто голд","Гибкий мрамор","2 000","за кв.м","","","porto-gold","NEEDS OWNER CONFIRMATION","UNDECIDED","","","","","","","","",""
"745760047562","https://marmixflex.ru/tproduct/1706353951-745760047562-poeziya","Поэзия","Гибкий мрамор","2 000","за кв.м","","","poeziya","NEEDS OWNER CONFIRMATION","UNDECIDED","","","","","","","","",""
"799894730082","https://marmixflex.ru/tproduct/1706353951-799894730082-prima","Прима","Гибкий мрамор","2 000","за кв.м","","","prima","NEEDS OWNER CONFIRMATION","UNDECIDED","","","","","","","","",""
"387451765712","https://marmixflex.ru/tproduct/1706353951-387451765712-rozovii-kvarts","Розовый кварц","Гибкий мрамор","2 000","за кв.м","","","rozovii-kvarts","NEEDS OWNER CONFIRMATION","UNDECIDED","","","","","","","","",""
"611052753331","https://marmixflex.ru/tproduct/1706353951-611052753331-espera","Эспера","Гибкий мрамор","2 000","за кв.м","","","espera","NEEDS OWNER CONFIRMATION","UNDECIDED","","","","","","","","",""
"874744475762","https://marmixflex.ru/tproduct/1706353951-874744475762-sapfirovii-sharm","Сапфировый шарм","Гибкий мрамор","2 000","за кв.м","","","sapfirovii-sharm","NEEDS OWNER CONFIRMATION","UNDECIDED","","","","","","","","",""
"162357493831","https://marmixflex.ru/tproduct/1706353951-162357493831-dominikana","Доминикана","Гибкий мрамор + Хит продаж","2 000","за кв.м","","","dominikana","NEEDS OWNER CONFIRMATION","UNDECIDED","","","","","","","","",""
"424060505111","https://marmixflex.ru/tproduct/1706353951-424060505111-sapfir","Сапфир","Гибкий мрамор","2 000","за кв.м","","","sapfir","NEEDS OWNER CONFIRMATION","UNDECIDED","","","","","","","","",""
"333112469361","https://marmixflex.ru/tproduct/1706353951-333112469361-lazurit","Лазурит","Гибкий мрамор","2 000","за кв.м","","","lazurit","NEEDS OWNER CONFIRMATION","UNDECIDED","","","","","","","","",""
"960725802041","https://marmixflex.ru/tproduct/1706353951-960725802041-malahit","Малахит","Гибкий мрамор","2 000","за кв.м","","","malahit","NEEDS OWNER CONFIRMATION","UNDECIDED","","","","","","","","",""
"398551648771","https://marmixflex.ru/tproduct/1706353951-398551648771-nefrit","Нефрит","Гибкий мрамор","2 000","за кв.м","","","nefrit","NEEDS OWNER CONFIRMATION","UNDECIDED","","","","","","","","",""
"833234525811","https://marmixflex.ru/tproduct/1706353951-833234525811-tsitrin","Цитрин","Гибкий мрамор","2 000","за кв.м","","","tsitrin","NEEDS OWNER CONFIRMATION","UNDECIDED","","","","","","","","",""
"143227488061","https://marmixflex.ru/tproduct/1706353951-143227488061-tanzanit","Танзанит","Гибкий мрамор","2 000","за кв.м","","","tanzanit","NEEDS OWNER CONFIRMATION","UNDECIDED","","","","","","","","",""
"250268799191","https://marmixflex.ru/tproduct/1706353951-250268799191-serdolik","Сердолик","Гибкий мрамор","2 000","за кв.м","","","serdolik","NEEDS OWNER CONFIRMATION","UNDECIDED","","","","","","","","",""
"876875901281","https://marmixflex.ru/tproduct/1706353951-876875901281-perlamutr","Перламутр","Гибкий мрамор","2 000","за кв.м","","","perlamutr","NEEDS OWNER CONFIRMATION","UNDECIDED","","","","","","","","",""
"434959721581","https://marmixflex.ru/tproduct/1706353951-434959721581-oniks","Оникс","Гибкий мрамор","2 000","за кв.м","","","oniks","NEEDS OWNER CONFIRMATION","UNDECIDED","","","","","","","","",""
"381575957241","https://marmixflex.ru/tproduct/1706353951-381575957241-oniks-mango","Оникс Манго","Гибкий мрамор","2 000","за кв.м","","","oniks-mango","NEEDS OWNER CONFIRMATION","UNDECIDED","","","","","","","","",""
"586229473511","https://marmixflex.ru/tproduct/1706353951-586229473511-imperator","Император","Гибкий мрамор","2 000","за кв.м","","","imperator","NEEDS OWNER CONFIRMATION","UNDECIDED","","","","","","","","",""
"808468252111","https://marmixflex.ru/tproduct/1706353951-808468252111-dolomit","Доломит","Гибкий мрамор","2 000","за кв.м","","","dolomit","NEEDS OWNER CONFIRMATION","UNDECIDED","","","","","","","","",""
"482649389831","https://marmixflex.ru/tproduct/1706353951-482649389831-granat","Гранат","Гибкий мрамор","2 000","за кв.м","","","granat","NEEDS OWNER CONFIRMATION","UNDECIDED","","","","","","","","",""
"643392414251","https://marmixflex.ru/tproduct/1706353951-643392414251-gessonit","Гессонит","Гибкий мрамор","2 000","за кв.м","","","gessonit","NEEDS OWNER CONFIRMATION","UNDECIDED","","","","","","","","",""
"232351938811","https://marmixflex.ru/tproduct/1706353951-232351938811-geliodor","Гелиодор","Гибкий мрамор","2 000","за кв.м","","","geliodor","NEEDS OWNER CONFIRMATION","UNDECIDED","","","","","","","","",""
"242902559051","https://marmixflex.ru/tproduct/1706353951-242902559051-almadin","Альмадин","Гибкий мрамор","2 000","за кв.м","","","almadin","NEEDS OWNER CONFIRMATION","UNDECIDED","","","","","","","","",""
"364254959161","https://marmixflex.ru/tproduct/1706353951-364254959161-akvamarin","Аквамарин","Гибкий мрамор","2 000","за кв.м","","","akvamarin","NEEDS OWNER CONFIRMATION","UNDECIDED","","","","","","","","",""
"726314120881","https://marmixflex.ru/tproduct/1706353951-726314120881-avantyurin","Авантюрин","Гибкий мрамор","2 000","за кв.м","","","avantyurin","NEEDS OWNER CONFIRMATION","UNDECIDED","","","","","","","","",""
"662632303701","https://marmixflex.ru/tproduct/1706353951-662632303701-agat","Агат","Гибкий мрамор","2 000","за кв.м","","","agat","NEEDS OWNER CONFIRMATION","UNDECIDED","","","","","","","","",""
"319465827121","https://marmixflex.ru/tproduct/1706353951-319465827121-alba","Альба","Гибкий мрамор","2 000","за кв.м","","","alba","NEEDS OWNER CONFIRMATION","UNDECIDED","","","","","","","","",""
"586686683901","https://marmixflex.ru/tproduct/1706353951-586686683901-ametist","Аметист","Гибкий мрамор","2 000","за кв.м","","","ametist","NEEDS OWNER CONFIRMATION","UNDECIDED","","","","","","","","",""
"836129281691","https://marmixflex.ru/tproduct/1706353951-836129281691-pirit","Пирит","Гибкий мрамор","2 000","за кв.м","","","pirit","NEEDS OWNER CONFIRMATION","UNDECIDED","","","","","","","","",""
"822556664241","https://marmixflex.ru/tproduct/1706353951-822556664241-apatit","Апатит","Гибкий мрамор","2 000","за кв.м","","","apatit","NEEDS OWNER CONFIRMATION","UNDECIDED","","","","","","","","",""
"186522482261","https://marmixflex.ru/tproduct/1706353951-186522482261-biryuza","Бирюза","Гибкий мрамор","2 000","за кв.м","","","biryuza","NEEDS OWNER CONFIRMATION","UNDECIDED","","","","","","","","",""
"104108682721","https://marmixflex.ru/tproduct/1706353951-104108682721-chernii-aist","Черный Аист","Гибкий мрамор","2 000","за кв.м","","","chernii-aist","NEEDS OWNER CONFIRMATION","UNDECIDED","","","","","","","","",""
"927247404191","https://marmixflex.ru/tproduct/1706353951-927247404191-goluboi-oniks","Голубой оникс","Гибкий мрамор","2 000","за кв.м","","","goluboi-oniks","NEEDS OWNER CONFIRMATION","UNDECIDED","","","","","","","","",""
"983723135661","https://marmixflex.ru/tproduct/1706353951-983723135661-kapriz-ais","Каприз айс","Гибкий мрамор","2 000","за кв.м","","","kapriz-ais","NEEDS OWNER CONFIRMATION","UNDECIDED","","","","","","","","",""
"670512256141","https://marmixflex.ru/tproduct/1706353951-670512256141-kaboshon","Кабошон","Гибкий мрамор","2 000","за кв.м","","","kaboshon","NEEDS OWNER CONFIRMATION","UNDECIDED","","","","","","","","",""
"876744235111","https://marmixflex.ru/tproduct/1706353951-876744235111-krema","Крема","Гибкий мрамор","2 000","за кв.м","","","krema","NEEDS OWNER CONFIRMATION","UNDECIDED","","","","","","","","",""
"582271973831","https://marmixflex.ru/tproduct/1706353951-582271973831-drago","Драго","Гибкий мрамор","2 000","за кв.м","","","drago","NEEDS OWNER CONFIRMATION","UNDECIDED","","","","","","","","",""
"804064514511","https://marmixflex.ru/tproduct/1706353951-804064514511-drevnii-mir","Древний мир","Гибкий мрамор","2 000","за кв.м","","","drevnii-mir","NEEDS OWNER CONFIRMATION","UNDECIDED","","","","","","","","",""
"121221097201","https://marmixflex.ru/tproduct/1706353951-121221097201-peschanaya-dyuna","Песчаная дюна","Гибкий мрамор","2 000","за кв.м","","","peschanaya-dyuna","NEEDS OWNER CONFIRMATION","UNDECIDED","","","","","","","","",""
"513814794801","https://marmixflex.ru/tproduct/1706353951-513814794801-enigma","Энигма","Гибкий мрамор","2 000","за кв.м","","","enigma","NEEDS OWNER CONFIRMATION","UNDECIDED","","","","","","","","",""
"343447437511","https://marmixflex.ru/tproduct/1706353951-343447437511-erta-ale","Эрта але","Гибкий мрамор","2 000","за кв.м","","","erta-ale","NEEDS OWNER CONFIRMATION","UNDECIDED","","","","","","","","",""
"620465675221","https://marmixflex.ru/tproduct/1706353951-620465675221-gematit","Гематит","Гибкий мрамор","2 000","за кв.м","","","gematit","NEEDS OWNER CONFIRMATION","UNDECIDED","","","","","","","","",""
"644960283181","https://marmixflex.ru/tproduct/1706353951-644960283181-aisberg","Айсберг","Гибкий мрамор","2 000","за кв.м","","","aisberg","NEEDS OWNER CONFIRMATION","UNDECIDED","","","","","","","","",""
"175383528681","https://marmixflex.ru/tproduct/1706353951-175383528681-yashma","Яшма","Гибкий мрамор + Хит продаж","2 000","","","","yashma","NEEDS OWNER CONFIRMATION","UNDECIDED","","","","","","","","",""
"334273197601","https://marmixflex.ru/tproduct/1706353951-334273197601-larimar","Ларимар","Гибкий мрамор","2 000","за кв.м","","","larimar","NEEDS OWNER CONFIRMATION","UNDECIDED","","","","","","","","",""
"892628883271","https://marmixflex.ru/tproduct/1706353951-892628883271-luna","Луна","Гибкий мрамор","2 000","за кв.м","","","luna","NEEDS OWNER CONFIRMATION","UNDECIDED","","","","","","","","",""
"144392410561","https://marmixflex.ru/tproduct/1706353951-144392410561-madagaskar","Мадагаскар","Гибкий мрамор","2 000","за кв.м","","","madagaskar","NEEDS OWNER CONFIRMATION","UNDECIDED","","","","","","","","",""
"362184156311","https://marmixflex.ru/tproduct/1706353951-362184156311-nirvana","Нирвана","Гибкий мрамор + Хит продаж","2 000","за кв.м","","","nirvana","NEEDS OWNER CONFIRMATION","UNDECIDED","","","","","","","","",""
"723219781801","https://marmixflex.ru/tproduct/1706353951-723219781801-obsidian","Обсидиан","Гибкий мрамор","2 000","за кв.м","","","obsidian","NEEDS OWNER CONFIRMATION","UNDECIDED","","","","","","","","",""
"656213354851","https://marmixflex.ru/tproduct/1706353951-656213354851-zelenii-oniks","Зеленый оникс","Гибкий мрамор","2 000","за кв.м","","","zelenii-oniks","NEEDS OWNER CONFIRMATION","UNDECIDED","","","","","","","","",""
"344979786601","https://marmixflex.ru/tproduct/1706353951-344979786601-zheltii-oniks","Желтый оникс","Гибкий мрамор","2 000","за кв.м","","","zheltii-oniks","NEEDS OWNER CONFIRMATION","UNDECIDED","","","","","","","","",""
"969452260051","https://marmixflex.ru/tproduct/1706353951-969452260051-opal","Опал","Гибкий мрамор","2 000","за кв.м","","","opal","NEEDS OWNER CONFIRMATION","UNDECIDED","","","","","","","","",""
"880554699141","https://marmixflex.ru/tproduct/1706353951-880554699141-palisandro","Палисандро","Гибкий мрамор","2 000","за кв.м","","","palisandro","NEEDS OWNER CONFIRMATION","UNDECIDED","","","","","","","","",""
"304961450821","https://marmixflex.ru/tproduct/1706353951-304961450821-solidat","Солидат","Гибкий мрамор","2 000","за кв.м","","","solidat","NEEDS OWNER CONFIRMATION","UNDECIDED","","","","","","","","",""
"841249083041","https://marmixflex.ru/tproduct/1706353951-841249083041-statuario","Статуарио","Гибкий мрамор + Хит продаж","2 000","за кв.м","","","statuario","NEEDS OWNER CONFIRMATION","UNDECIDED","","","","","","","","",""
"573726724421","https://marmixflex.ru/tproduct/1706353951-573726724421-titan","Титан","Гибкий мрамор","2 000","за кв.м","","","titan","NEEDS OWNER CONFIRMATION","UNDECIDED","","","","","","","","",""
"521862914951","https://marmixflex.ru/tproduct/1706353951-521862914951-turmalin","Турмалин","Гибкий мрамор","2 000","за кв.м","","","turmalin","NEEDS OWNER CONFIRMATION","UNDECIDED","","","","","","","","",""
"161819278021","https://marmixflex.ru/tproduct/1706353951-161819278021-uralskii-samotsvet","Уральский самоцвет","Гибкий мрамор","2 000","за кв.м","","","uralskii-samotsvet","NEEDS OWNER CONFIRMATION","UNDECIDED","","","","","","","","",""
"116357670261","https://marmixflex.ru/tproduct/1706353951-116357670261-tsirkon","Циркон","Гибкий мрамор","2 000","за кв.м","","","tsirkon","NEEDS OWNER CONFIRMATION","UNDECIDED","","","","","","","","",""
"777774729301","https://marmixflex.ru/tproduct/1706353951-777774729301-zlatolit","Златолит","Гибкий мрамор","2 000","за кв.м","","","zlatolit","NEEDS OWNER CONFIRMATION","UNDECIDED","","","","","","","","",""
"692560429502","https://marmixflex.ru/tproduct/1706353951-692560429502-doska-1","Доска 1","Гибкая доска","1 900","за кв.м","","","doska-1","NEEDS OWNER CONFIRMATION","UNDECIDED","","","","","","","","",""
"658831862442","https://marmixflex.ru/tproduct/1706353951-658831862442-doska-2","Доска 2","Гибкая доска","1 900","за кв.м","","","doska-2","NEEDS OWNER CONFIRMATION","UNDECIDED","","","","","","","","",""
"103020232652","https://marmixflex.ru/tproduct/1706353951-103020232652-doska-3","Доска 3","Гибкая доска","1 900","за кв.м","","","doska-3","NEEDS OWNER CONFIRMATION","UNDECIDED","","","","","","","","",""
"214889373772","https://marmixflex.ru/tproduct/1706353951-214889373772-doska-4","Доска 4","Гибкая доска","1 900","за кв.м","","","doska-4","NEEDS OWNER CONFIRMATION","UNDECIDED","","","","","","","","",""
"720649332162","https://marmixflex.ru/tproduct/1706353951-720649332162-doska-5","Доска 5","Гибкая доска","1 900","за кв.м","","","doska-5","NEEDS OWNER CONFIRMATION","UNDECIDED","","","","","","","","",""
"962918344982","https://marmixflex.ru/tproduct/1706353951-962918344982-doska-6","Доска 6","Гибкая доска","1 900","за кв.м","","","doska-6","NEEDS OWNER CONFIRMATION","UNDECIDED","","","","","","","","",""
"600267836482","https://marmixflex.ru/tproduct/1706353951-600267836482-doska-7","Доска 7","Гибкая доска","1 900","за кв.м","","","doska-7","NEEDS OWNER CONFIRMATION","UNDECIDED","","","","","","","","",""
"139958723692","https://marmixflex.ru/tproduct/1706353951-139958723692-doska-8-inversiya","Доска 8 (инверсия)","Гибкая доска","1 900","за кв.м","","","doska-8-inversiya","NEEDS OWNER CONFIRMATION","UNDECIDED","","","","","","","","",""
"588331833592","https://marmixflex.ru/tproduct/1706353951-588331833592-doska-8","Доска 8","Гибкая доска","1 900","за кв.м","","","doska-8","NEEDS OWNER CONFIRMATION","UNDECIDED","","","","","","","","",""
"408804392782","https://marmixflex.ru/tproduct/1706353951-408804392782-doska-9-inversiya","Доска 9 (инверсия)","Гибкая доска","1 900","за кв.м","","","doska-9-inversiya","NEEDS OWNER CONFIRMATION","UNDECIDED","","","","","","","","",""
"712572963012","https://marmixflex.ru/tproduct/1706353951-712572963012-doska-9","Доска 9","Гибкая доска","1 900","за кв.м","","","doska-9","NEEDS OWNER CONFIRMATION","UNDECIDED","","","","","","","","",""
"596142871272","https://marmixflex.ru/tproduct/1706353951-596142871272-doska-10-inversiya","Доска 10 (инверсия)","Гибкая доска","1 900","за кв.м","","","doska-10-inversiya","NEEDS OWNER CONFIRMATION","UNDECIDED","","","","","","","","",""
"426916158772","https://marmixflex.ru/tproduct/1706353951-426916158772-doska-10","Доска 10","Гибкая доска","1 900","за кв.м","","","doska-10","NEEDS OWNER CONFIRMATION","UNDECIDED","","","","","","","","",""
"124045043222","https://marmixflex.ru/tproduct/1706353951-124045043222-doska-miks","Доска Микс","Гибкая доска","1 900","за кв.м","","","doska-miks","NEEDS OWNER CONFIRMATION","UNDECIDED","","","","","","","","",""
"985632589252","https://marmixflex.ru/tproduct/1706353951-985632589252-keramika-1","Керамика 1","Гибкая керамика","2 100—2 200","за кв.м","","","keramika-1","NEEDS OWNER CONFIRMATION","UNDECIDED","","","","","","","","",""
"512814306602","https://marmixflex.ru/tproduct/1706353951-512814306602-keramika-2","Керамика 2","Гибкая керамика","2 100—2 200","за кв.м","","","keramika-2","NEEDS OWNER CONFIRMATION","UNDECIDED","","","","","","","","",""
"476946234012","https://marmixflex.ru/tproduct/1706353951-476946234012-keramika-3","Керамика 3","Гибкая керамика","2 100—2 200","за кв.м","","","keramika-3","NEEDS OWNER CONFIRMATION","UNDECIDED","","","","","","","","",""
"916715286062","https://marmixflex.ru/tproduct/1706353951-916715286062-keramika-4","Керамика 4","Гибкая керамика","2 100—2 200","за кв.м","","","keramika-4","NEEDS OWNER CONFIRMATION","UNDECIDED","","","","","","","","",""
"485989999942","https://marmixflex.ru/tproduct/1706353951-485989999942-keramika-5","Керамика 5","Гибкая керамика","2 100—2 200","за кв.м","","","keramika-5","NEEDS OWNER CONFIRMATION","UNDECIDED","","","","","","","","",""
"854206719552","https://marmixflex.ru/tproduct/1706353951-854206719552-keramika-6","Керамика 6","Гибкая керамика","2 100—2 200","за кв.м","","","keramika-6","NEEDS OWNER CONFIRMATION","UNDECIDED","","","","","","","","",""
"935658697722","https://marmixflex.ru/tproduct/1706353951-935658697722-keramika-7","Керамика 7","Гибкая керамика","2 100—2 200","за кв.м","","","keramika-7","NEEDS OWNER CONFIRMATION","UNDECIDED","","","","","","","","",""
"391773054632","https://marmixflex.ru/tproduct/1706353951-391773054632-keramika-8","Керамика 8","Гибкая керамика","2 100—2 200","за кв.м","","","keramika-8","NEEDS OWNER CONFIRMATION","UNDECIDED","","","","","","","","",""
"925456679772","https://marmixflex.ru/tproduct/1706353951-925456679772-keramika-9","Керамика 9","Гибкая керамика","2 100—2 200","за кв.м","","","keramika-9","NEEDS OWNER CONFIRMATION","UNDECIDED","","","","","","","","",""
"158469592532","https://marmixflex.ru/tproduct/1706353951-158469592532-keramika-10","Керамика 10","Гибкая керамика","2 100—2 200","за кв.м","","","keramika-10","NEEDS OWNER CONFIRMATION","UNDECIDED","","","","","","","","",""
"480800423362","https://marmixflex.ru/tproduct/1706353951-480800423362-keramika-11","Керамика 11","Гибкая керамика","2 100—2 200","за кв.м","","","keramika-11","NEEDS OWNER CONFIRMATION","UNDECIDED","","","","","","","","",""
"771866018822","https://marmixflex.ru/tproduct/1706353951-771866018822-keramika-12","Керамика 12","Гибкая керамика","2 100—2 200","за кв.м","","","keramika-12","NEEDS OWNER CONFIRMATION","UNDECIDED","","","","","","","","",""
"190801713392","https://marmixflex.ru/tproduct/1706353951-190801713392-keramika-13","Керамика 13","Гибкая керамика","2 100—2 200","за кв.м","","","keramika-13","NEEDS OWNER CONFIRMATION","UNDECIDED","","","","","","","","",""
"491045034702","https://marmixflex.ru/tproduct/1706353951-491045034702-keramika-14","Керамика 14","Гибкая керамика","2 100—2 200","за кв.м","","","keramika-14","NEEDS OWNER CONFIRMATION","UNDECIDED","","","","","","","","",""
"597127192572","https://marmixflex.ru/tproduct/1706353951-597127192572-travertin-1-dot","Травертин 1 дот","Травертин","2 200—2 400","за кв.м","","","travertin-1-dot","NEEDS OWNER CONFIRMATION","UNDECIDED","","","","","","","","",""
"427830068562","https://marmixflex.ru/tproduct/1706353951-427830068562-travertin-1","Травертин 1","Травертин","2 100","за кв.м","","","travertin-1","NEEDS OWNER CONFIRMATION","UNDECIDED","","","","","","","","",""
"490901027512","https://marmixflex.ru/tproduct/1706353951-490901027512-travertin-2-dot","Травертин 2 дот","Травертин","2 200—2 400","за кв.м","","","travertin-2-dot","NEEDS OWNER CONFIRMATION","UNDECIDED","","","","","","","","",""
"845139518202","https://marmixflex.ru/tproduct/1706353951-845139518202-travertin-2","Травертин 2","Травертин","2 100","за кв.м","","","travertin-2","NEEDS OWNER CONFIRMATION","UNDECIDED","","","","","","","","",""
"913278452082","https://marmixflex.ru/tproduct/1706353951-913278452082-travertin-3-dot","Травертин 3 дот","Травертин","2 200—2 400","за кв.м","","","travertin-3-dot","NEEDS OWNER CONFIRMATION","UNDECIDED","","","","","","","","",""
"349922005272","https://marmixflex.ru/tproduct/1706353951-349922005272-travertin-3","Травертин 3","Травертин","2 100","за кв.м","","","travertin-3","NEEDS OWNER CONFIRMATION","UNDECIDED","","","","","","","","",""
"154470938392","https://marmixflex.ru/tproduct/1706353951-154470938392-travertin-4-dot","Травертин 4 дот","Травертин","2 200—2 400","за кв.м","","","travertin-4-dot","NEEDS OWNER CONFIRMATION","UNDECIDED","","","","","","","","",""
"592270310562","https://marmixflex.ru/tproduct/1706353951-592270310562-travertin-4","Травертин 4","Травертин","2 100","за кв.м","","","travertin-4","NEEDS OWNER CONFIRMATION","UNDECIDED","","","","","","","","",""
"810289649572","https://marmixflex.ru/tproduct/1706353951-810289649572-travertin-5-dot","Травертин 5 дот","Травертин","2 200—2 400","за кв.м","","","travertin-5-dot","NEEDS OWNER CONFIRMATION","UNDECIDED","","","","","","","","",""
"577161667402","https://marmixflex.ru/tproduct/1706353951-577161667402-travertin-5","Травертин 5","Травертин","2 100","за кв.м","","","travertin-5","NEEDS OWNER CONFIRMATION","UNDECIDED","","","","","","","","",""
"697053188552","https://marmixflex.ru/tproduct/1706353951-697053188552-travertin-6-dot","Травертин 6 дот","Травертин","2 200—2 400","за кв.м","","","travertin-6-dot","NEEDS OWNER CONFIRMATION","UNDECIDED","","","","","","","","",""
"746579532042","https://marmixflex.ru/tproduct/1706353951-746579532042-travertin-6","Травертин 6","Травертин","2 100","за кв.м","","","travertin-6","NEEDS OWNER CONFIRMATION","UNDECIDED","","","","","","","","",""
"689796129381","https://marmixflex.ru/tproduct/1706353951-689796129381-flyuid-1","Флюид 1","Флюиды","2 000","за кв.м","","","flyuid-1","NEEDS OWNER CONFIRMATION","UNDECIDED","","","","","","","","",""
"811903734971","https://marmixflex.ru/tproduct/1706353951-811903734971-flyuid-2","Флюид 2","Флюиды","2 000","за кв.м","","","flyuid-2","NEEDS OWNER CONFIRMATION","UNDECIDED","","","","","","","","",""
"819239052781","https://marmixflex.ru/tproduct/1706353951-819239052781-flyuid-3","Флюид 3","Флюиды","2 000","за кв.м","","","flyuid-3","NEEDS OWNER CONFIRMATION","UNDECIDED","","","","","","","","",""
"903611568471","https://marmixflex.ru/tproduct/1706353951-903611568471-flyuid-4","Флюид 4","Флюиды","2 000","за кв.м","","","flyuid-4","NEEDS OWNER CONFIRMATION","UNDECIDED","","","","","","","","",""
"628649293571","https://marmixflex.ru/tproduct/1706353951-628649293571-flyuid-5","Флюид 5","Флюиды","2 000","за кв.м","","","flyuid-5","NEEDS OWNER CONFIRMATION","UNDECIDED","","","","","","","","",""
"355631919281","https://marmixflex.ru/tproduct/1706353951-355631919281-flyuid-6","Флюид 6","Флюиды","2 000","за кв.м","","","flyuid-6","NEEDS OWNER CONFIRMATION","UNDECIDED","","","","","","","","",""
"372479847561","https://marmixflex.ru/tproduct/1706353951-372479847561-flyuid-7","Флюид 7","Флюиды","2 000","за кв.м","","","flyuid-7","NEEDS OWNER CONFIRMATION","UNDECIDED","","","","","","","","",""
"743241523391","https://marmixflex.ru/tproduct/1706353951-743241523391-flyuid-8","Флюид 8","Флюиды","2 000","за кв.м","","","flyuid-8","NEEDS OWNER CONFIRMATION","UNDECIDED","","","","","","","","",""
"944457400241","https://marmixflex.ru/tproduct/1706353951-944457400241-flyuid-9","Флюид 9","Флюиды","2 000","за кв.м","","","flyuid-9","NEEDS OWNER CONFIRMATION","UNDECIDED","","","","","","","","",""
"990129321061","https://marmixflex.ru/tproduct/1706353951-990129321061-flyuid-10","Флюид 10","Флюиды","2 000","за кв.м","","","flyuid-10","NEEDS OWNER CONFIRMATION","UNDECIDED","","","","","","","","",""
"793524130991","https://marmixflex.ru/tproduct/1706353951-793524130991-flyuid-11","Флюид 11","Флюиды","2 000","за кв.м","","","flyuid-11","NEEDS OWNER CONFIRMATION","UNDECIDED","","","","","","","","",""
"915517043351","https://marmixflex.ru/tproduct/1706353951-915517043351-flyuid-12","Флюид 12","Флюиды","2 000","за кв.м","","","flyuid-12","NEEDS OWNER CONFIRMATION","UNDECIDED","","","","","","","","",""
"980006409211","https://marmixflex.ru/tproduct/1706353951-980006409211-flyuid-13","Флюид 13","Флюиды","2 000","за кв.м","","","flyuid-13","NEEDS OWNER CONFIRMATION","UNDECIDED","","","","","","","","",""
"335685798831","https://marmixflex.ru/tproduct/1706353951-335685798831-flyuid-14","Флюид 14","Флюиды","2 000","за кв.м","","","flyuid-14","NEEDS OWNER CONFIRMATION","UNDECIDED","","","","","","","","",""
"903563719531","https://marmixflex.ru/tproduct/1706353951-903563719531-flyuid-15","Флюид 15","Флюиды","2 000","за кв.м","","","flyuid-15","NEEDS OWNER CONFIRMATION","UNDECIDED","","","","","","","","",""
"914219186741","https://marmixflex.ru/tproduct/1706353951-914219186741-flyuid-16","Флюид 16","Флюиды","2 000","за кв.м","","","flyuid-16","NEEDS OWNER CONFIRMATION","UNDECIDED","","","","","","","","",""
"551693735641","https://marmixflex.ru/tproduct/1706353951-551693735641-flyuid-17","Флюид 17","Флюиды","2 000","за кв.м","","","flyuid-17","NEEDS OWNER CONFIRMATION","UNDECIDED","","","","","","","","",""
"168519278341","https://marmixflex.ru/tproduct/1706353951-168519278341-flyuid-18","Флюид 18","Флюиды","2 000","за кв.м","","","flyuid-18","NEEDS OWNER CONFIRMATION","UNDECIDED","","","","","","","","",""
"345741961651","https://marmixflex.ru/tproduct/1706353951-345741961651-altair","Альтаир","Блоки","2 000","за кв.м","","","altair","NEEDS OWNER CONFIRMATION","UNDECIDED","","","","","","","","",""
"402152916231","https://marmixflex.ru/tproduct/1706353951-402152916231-antares","Антарес","Блоки","2 000","за кв.м","","","antares","NEEDS OWNER CONFIRMATION","UNDECIDED","","","","","","","","",""
"450672060221","https://marmixflex.ru/tproduct/1706353951-450672060221-kapella","Капелла","Блоки","2 000","за кв.м","","","kapella","NEEDS OWNER CONFIRMATION","UNDECIDED","","","","","","","","",""
"167089491631","https://marmixflex.ru/tproduct/1706353951-167089491631-olopos","Олопос","Блоки","2 000","за кв.м","","","olopos","NEEDS OWNER CONFIRMATION","UNDECIDED","","","","","","","","",""
"820124423891","https://marmixflex.ru/tproduct/1706353951-820124423891-vega","Вега","Блоки + Хит продаж","2 000","за кв.м","","","vega","NEEDS OWNER CONFIRMATION","UNDECIDED","","","","","","","","",""
"199715758241","https://marmixflex.ru/tproduct/1706353951-199715758241-orion","Орион","Блоки","2 000","за кв.м","","","orion","NEEDS OWNER CONFIRMATION","UNDECIDED","","","","","","","","",""
"415884610211","https://marmixflex.ru/tproduct/1706353951-415884610211-orfei","Орфей","Блоки","2 000","за кв.м","","","orfei","NEEDS OWNER CONFIRMATION","UNDECIDED","","","","","","","","",""
"983154307061","https://marmixflex.ru/tproduct/1706353951-983154307061-samal","Сamal","Гибкий камень","2 000","за кв.м","","","samal","NEEDS OWNER CONFIRMATION","UNDECIDED","","","","","","","","",""
"489573810441","https://marmixflex.ru/tproduct/1706353951-489573810441-moon","Moon","Гибкий камень","2 000","за кв.м","","","moon","NEEDS OWNER CONFIRMATION","UNDECIDED","","","","","","","","",""
"348202425701","https://marmixflex.ru/tproduct/1706353951-348202425701-nature-line","Nature line","Гибкий камень","2 000","за кв.м","","","nature-line","NEEDS OWNER CONFIRMATION","UNDECIDED","","","","","","","","",""
"566665349031","https://marmixflex.ru/tproduct/1706353951-566665349031-nature","Nature","Гибкий камень","2 000","за кв.м","","","nature","NEEDS OWNER CONFIRMATION","UNDECIDED","","","","","","","","",""
"647734966721","https://marmixflex.ru/tproduct/1706353951-647734966721-north-line","North line","Гибкий камень","2 000","за кв.м","","","north-line","NEEDS OWNER CONFIRMATION","UNDECIDED","","","","","","","","",""
"660309414691","https://marmixflex.ru/tproduct/1706353951-660309414691-north","North","Гибкий камень","2 000","за кв.м","","","north","NEEDS OWNER CONFIRMATION","UNDECIDED","","","","","","","","",""
"588243346171","https://marmixflex.ru/tproduct/1706353951-588243346171-romano-korichnevii","Romano коричневый","Гибкий камень","2 000","за кв.м","","","romano-korichnevii","NEEDS OWNER CONFIRMATION","UNDECIDED","","","","","","","","",""
"665571561511","https://marmixflex.ru/tproduct/1706353951-665571561511-sahara","Sahara","Гибкий камень","2 000","за кв.м","","","sahara","NEEDS OWNER CONFIRMATION","UNDECIDED","","","","","","","","",""
"668625076291","https://marmixflex.ru/tproduct/1706353951-668625076291-silver-line","Silver line","Гибкий камень","2 000","за кв.м","","","silver-line","NEEDS OWNER CONFIRMATION","UNDECIDED","","","","","","","","",""
"543268245351","https://marmixflex.ru/tproduct/1706353951-543268245351-silver","Silver","Гибкий камень","2 000","за кв.м","","","silver","NEEDS OWNER CONFIRMATION","UNDECIDED","","","","","","","","",""
"193631464151","https://marmixflex.ru/tproduct/1706353951-193631464151-antique","Аntique","Гибкий камень","2 000","за кв.м","","","antique","NEEDS OWNER CONFIRMATION","UNDECIDED","","","","","","","","",""
"860504983541","https://marmixflex.ru/tproduct/1706353951-860504983541-zolotaya-osen","Золотая осень","Гибкий камень","2 000","за кв.м","","","zolotaya-osen","NEEDS OWNER CONFIRMATION","UNDECIDED","","","","","","","","",""
"430950813071","https://marmixflex.ru/tproduct/1706353951-430950813071-klei-dlya-gibkogo-kamnya-bazovii-3-kg","Клей для гибкого камня базовый 3 кг","Сопутствующие материалы","1 600","","","","klei-dlya-gibkogo-kamnya-bazovii-3-kg","NEEDS OWNER CONFIRMATION","UNDECIDED","","","","","","","","",""
"765138980211","https://marmixflex.ru/tproduct/1706353951-765138980211-klei-dlya-gibkogo-kamnya-bazovii-56-kg","Клей для гибкого камня базовый 5.6 кг","Сопутствующие материалы","3 000","","","","klei-dlya-gibkogo-kamnya-bazovii-56-kg","NEEDS OWNER CONFIRMATION","UNDECIDED","","","","","","","","",""
"623407810631","https://marmixflex.ru/tproduct/1706353951-623407810631-klei-dlya-gibkogo-kamnya-bazovii-107-kg","Клей для гибкого камня базовый 10.7 кг","Сопутствующие материалы","5 700","","","","klei-dlya-gibkogo-kamnya-bazovii-107-kg","NEEDS OWNER CONFIRMATION","UNDECIDED","","","","","","","","",""
"238255948871","https://marmixflex.ru/tproduct/1706353951-238255948871-klei-dlya-gibkogo-kamnya-universalnii-3","Клей для гибкого камня универсальный 3 кг","Сопутствующие материалы","1 900","","","","klei-dlya-gibkogo-kamnya-universalnii-3","NEEDS OWNER CONFIRMATION","UNDECIDED","","","","","","","","",""
"559950215001","https://marmixflex.ru/tproduct/1706353951-559950215001-klei-dlya-gibkogo-kamnya-universalnii-56","Клей для гибкого камня универсальный 5.6 кг","Сопутствующие материалы","3 600","","","","klei-dlya-gibkogo-kamnya-universalnii-56","NEEDS OWNER CONFIRMATION","UNDECIDED","","","","","","","","",""
"571733025221","https://marmixflex.ru/tproduct/1706353951-571733025221-klei-dlya-gibkogo-kamnya-universalnii-10","Клей для гибкого камня универсальный 10.7 кг","Сопутствующие материалы","7 200","","","","klei-dlya-gibkogo-kamnya-universalnii-10","NEEDS OWNER CONFIRMATION","UNDECIDED","","","","","","","","",""
"548873722801","https://marmixflex.ru/tproduct/1706353951-548873722801-finishnoe-pokritie-akrilovoe-dlya-gibkog","Финишное покрытие акриловое для гибкого камня 3 кг","Сопутствующие материалы","3 300","","","","finishnoe-pokritie-akrilovoe-dlya-gibkog","NEEDS OWNER CONFIRMATION","UNDECIDED","","","","","","","","",""
"219454712061","https://marmixflex.ru/tproduct/1706353951-219454712061-finishnoe-pokritie-akrilovoe-dlya-gibkog","Финишное покрытие акриловое для гибкого камня 5.4кг","Сопутствующие материалы","6 000","","","","finishnoe-pokritie-akrilovoe-dlya-gibkog","NEEDS OWNER CONFIRMATION","UNDECIDED","","","","","","","","",""
"236494209491","https://marmixflex.ru/tproduct/1706353951-236494209491-finishnoe-pokritie-akrilovoe-dlya-gibkog","Финишное покрытие акриловое для гибкого камня 10.7кг","Сопутствующие материалы","9 500","","","","finishnoe-pokritie-akrilovoe-dlya-gibkog","NEEDS OWNER CONFIRMATION","UNDECIDED","","","","","","","","",""
"663328673881","https://marmixflex.ru/tproduct/1706353951-663328673881-finishnoe-pokritie-poliuretanovoe-dvuhko","Финишное покрытие полиуретановое двухкомпонентное, 920гр","Сопутствующие материалы","4 000","","","","finishnoe-pokritie-poliuretanovoe-dvuhko","NEEDS OWNER CONFIRMATION","UNDECIDED","","","","","","","","",""
"429443750811","https://marmixflex.ru/tproduct/1706353951-429443750811-finishnoe-pokritie-poliuretanovoe-bez-za","Финишное покрытие полиуретановое. Без запаха, 850гр","Сопутствующие материалы","3 500","","","","finishnoe-pokritie-poliuretanovoe-bez-za","NEEDS OWNER CONFIRMATION","UNDECIDED","","","","","","","","",""
